,dry_asphalt_severe,dry_asphalt_slight,dry_asphalt_smooth,dry_concrete_severe,dry_concrete_slight,dry_concrete_smooth,dry_gravel,dry_mud,fresh_snow,ice,melted_snow,water_asphalt_severe,water_asphalt_slight,water_asphalt_smooth,water_concrete_severe,water_concrete_slight,water_concrete_smooth,water_gravel,water_mud,wet_asphalt_severe,wet_asphalt_slight,wet_asphalt_smooth,wet_concrete_severe,wet_concrete_slight,wet_concrete_smooth,wet_gravel,wet_mud
dry_asphalt_severe,721,54,5,7,3,2,2,0,0,1,0,1,0,0,0,0,0,0,0,1,1,1,0,1,0,0,0
dry_asphalt_slight,84,2176,41,5,5,2,5,1,0,0,0,0,1,0,0,0,0,0,0,2,28,0,0,0,0,0,0
dry_asphalt_smooth,3,37,2238,0,1,13,0,0,0,0,0,0,0,3,0,0,0,0,0,0,5,49,0,0,1,0,0
dry_concrete_severe,8,1,0,2115,191,8,2,1,0,0,0,0,0,0,3,0,1,0,0,0,1,0,18,1,0,0,0
dry_concrete_slight,5,4,4,327,1943,50,14,0,0,0,0,0,0,0,0,0,0,2,0,0,0,0,0,0,0,1,0
dry_concrete_smooth,1,0,11,6,56,2258,0,2,0,0,0,0,0,0,0,0,2,0,0,0,0,2,0,0,11,0,1
dry_gravel,4,13,1,8,4,0,2248,60,0,1,0,0,0,0,0,0,0,1,0,0,0,0,0,0,0,9,1
dry_mud,1,0,0,1,2,0,117,2209,0,1,0,0,0,0,0,0,0,0,0,0,0,0,0,1,0,1,17
fresh_snow,0,0,0,0,0,2,0,0,2336,8,4,0,0,0,0,0,0,0,0,0,0,0,0,0,0,0,0
ice,0,0,0,0,0,0,0,0,4,2341,5,0,0,0,0,0,0,0,0,0,0,0,0,0,0,0,0
melted_snow,0,0,0,0,0,0,1,0,2,2,2341,0,0,2,0,0,0,0,2,0,0,0,0,0,0,0,0
water_asphalt_severe,3,0,0,0,0,0,0,0,0,0,0,663,47,2,15,1,0,21,6,28,11,2,0,1,0,0,0
water_asphalt_slight,0,0,0,0,0,0,0,0,0,0,0,59,660,30,5,1,4,5,3,1,29,3,0,0,0,0,0
water_asphalt_smooth,0,1,0,0,0,0,0,0,0,0,8,4,53,2249,0,0,6,0,0,2,1,25,0,1,0,0,0
water_concrete_severe,0,0,0,0,0,0,0,0,0,0,0,7,3,1,673,64,4,16,2,1,0,0,23,5,1,0,0
water_concrete_slight,0,0,0,1,0,0,0,0,0,0,1,1,6,1,108,595,26,7,2,0,1,0,11,39,1,0,0
water_concrete_smooth,0,0,0,0,1,1,0,0,0,0,0,0,2,2,2,35,2169,4,3,0,0,0,0,4,127,0,0
water_gravel,0,0,0,0,0,0,0,0,0,0,0,13,4,0,23,1,1,717,32,1,0,0,0,0,0,8,0
water_mud,0,0,0,0,0,0,1,1,0,0,0,8,3,1,13,2,5,56,2195,0,1,2,0,1,0,4,57
wet_asphalt_severe,7,1,1,0,0,0,0,0,0,0,0,31,2,1,0,1,0,0,1,692,52,4,5,0,0,2,0
wet_asphalt_slight,7,35,1,0,0,0,2,0,0,0,0,27,74,6,1,1,0,2,0,71,2046,61,0,3,1,12,0
wet_asphalt_smooth,0,1,12,0,0,0,0,0,0,0,1,1,9,35,0,1,0,0,0,9,54,2221,1,1,4,0,0
wet_concrete_severe,1,1,0,3,0,1,1,0,0,0,0,3,0,0,24,10,0,1,0,6,2,0,672,66,6,3,0
wet_concrete_slight,0,0,0,1,2,0,0,0,0,0,0,1,0,0,6,57,6,0,1,1,3,0,73,636,12,1,0
wet_concrete_smooth,0,0,3,1,0,11,0,0,0,0,0,0,0,2,0,6,126,0,0,1,0,14,2,29,2155,0,0
wet_gravel,0,0,0,0,2,0,5,0,0,0,0,0,0,0,2,0,1,32,1,1,5,0,3,6,0,2217,75
wet_mud,0,1,0,0,0,0,1,10,0,0,0,1,0,0,0,1,0,3,61,0,0,0,1,0,0,86,2185
