class,precision,recall,f1,support
dry_asphalt_severe,0.8532544378698225,0.90125,0.8765957446808511,800.0
dry_asphalt_slight,0.9359139784946237,0.9259574468085107,0.9309090909090909,2350.0
dry_asphalt_smooth,0.9659041864479931,0.9523404255319149,0.959074351832012,2350.0
dry_concrete_severe,0.8545454545454545,0.9,0.8766839378238342,2350.0
dry_concrete_slight,0.8791855203619909,0.8268085106382979,0.8521929824561404,2350.0
dry_concrete_smooth,0.9616695059625213,0.9608510638297872,0.9612601106853981,2350.0
dry_gravel,0.93705710712797,0.9565957446808511,0.9467256264476732,2350.0
dry_mud,0.9671628721541156,0.94,0.9533880017263703,2350.0
fresh_snow,0.9974380871050385,0.9940425531914894,0.9957374254049446,2350.0
ice,0.9944774851316908,0.9961702127659574,0.9953231292517006,2350.0
melted_snow,0.9919491525423729,0.9961702127659574,0.9940552016985138,2350.0
water_asphalt_severe,0.8085365853658537,0.82875,0.8185185185185185,800.0
water_asphalt_slight,0.7638888888888888,0.825,0.7932692307692307,800.0
water_asphalt_smooth,0.963169164882227,0.9570212765957447,0.96008537886873,2350.0
water_concrete_severe,0.7691428571428571,0.84125,0.8035820895522388,800.0
water_concrete_slight,0.7667525773195877,0.74375,0.7550761421319797,800.0
water_concrete_smooth,0.9225861335601871,0.9229787234042554,0.9227823867262285,2350.0
water_gravel,0.8269896193771626,0.89625,0.8602279544091181,800.0
water_mud,0.9506279774794283,0.9340425531914893,0.9422622880446447,2350.0
wet_asphalt_severe,0.847001223990208,0.865,0.8559059987631417,800.0
wet_asphalt_slight,0.9133928571428571,0.8706382978723404,0.8915032679738563,2350.0
wet_asphalt_smooth,0.9316275167785235,0.9451063829787234,0.9383185466835657,2350.0
wet_concrete_severe,0.830655129789864,0.84,0.8353014294592915,800.0
wet_concrete_slight,0.8,0.795,0.7974921630094044,800.0
wet_concrete_smooth,0.9292798620094869,0.9170212765957447,0.9231098736346113,2350.0
wet_gravel,0.9458191126279863,0.943404255319149,0.9446101406050277,2350.0
wet_mud,0.9353595890410958,0.9297872340425531,0.9325650874946649,2350.0
