epoch,train_loss,train_top1,learning_rate,val_loss,val_top1,val_macro_f1,val_weighted_f1,val_bottom5_mean_f1,val_min_class_f1,val_mean_precision,val_mean_recall,val_nll,val_ece_15,val_brier_score,checkpoint_score,is_best
1,1.2518024217501622,0.5715638396939958,0.0001,1.5213382862605838,0.5252769385699899,0.48615808353614703,0.521290700254261,0.2078512770789731,0.02142857142857143,0.5126131445811819,0.4994001806684733,1.5213382746978323,0.03048049006337444,0.6076088559779984,0.48179871591073536,0
2,0.8594607636891068,0.688556438821575,0.0002,1.3058978488197979,0.5802114803625378,0.5514010627454221,0.5815539494754581,0.3048379649571676,0.2546583850931677,0.5752653245512143,0.5619620596205962,1.3058978411388011,0.020946664806702295,0.5484193598688726,0.5440310035368662,0
3,0.7307619792158725,0.7306278488457579,0.00030000000000000003,0.9986794840893356,0.6677744209466264,0.6368453275326137,0.6658844401231813,0.39787832644915166,0.300556586270872,0.6491009811252715,0.6459656729900631,0.9986794843453981,0.015622065718903575,0.44429965928890824,0.6315060834726752,0
4,0.6496603639317806,0.7568818102469287,0.0004,0.8890856632135606,0.7006545820745217,0.6724487073109306,0.7019918875019588,0.44207633146466724,0.31477927063339733,0.6833270800466578,0.6786522131887985,0.8890856598222731,0.01865965178306426,0.4044829682180367,0.666334994584459,0
5,0.5966552016598683,0.7751394507065607,0.0005,0.8382789160969994,0.7161631419939577,0.6853007038116522,0.7154373709137578,0.4088452226907977,0.35304822565969063,0.693433484626141,0.7018319783197832,0.8382789116381355,0.018777987072432747,0.3845902214619009,0.6761726186089502,0
6,0.5350580140636657,0.7960917303567164,0.0004998635877065611,0.8231923618450506,0.7266868076535751,0.6982716959339841,0.7266759545126474,0.46470836829069,0.317016317016317,0.7065552484067593,0.7100361336946703,0.823192361014516,0.017183973547965064,0.375700962722058,0.6919644302014094,0
7,0.49564059398587706,0.8102469286431595,0.0004994544999910842,0.677727827561826,0.765055387713998,0.7365510568768949,0.765569869853806,0.5011807893723834,0.391644908616188,0.7401604318772068,0.7494995483288166,0.6777278268525442,0.021481295587141132,0.3236668752033289,0.7301166286287056,0
8,0.4670106862660562,0.8199430413341384,0.0004987731841849804,0.6148212080808264,0.787411883182276,0.7623574636127339,0.7882991967483582,0.5469778202494273,0.39473684210526316,0.7658001589195697,0.769553748870822,0.614821204066951,0.015328334831315139,0.2973663210021283,0.7558521510181285,0
9,0.4465089171316483,0.8270414968178439,0.0004978203852970803,0.6281447347122256,0.7797079556898288,0.7535059252372235,0.7813479177729667,0.5170897715159629,0.3685393258426966,0.7588312833062146,0.767483288166215,0.6281447344490012,0.010092493202814357,0.3078638774735177,0.7455855281366607,0
10,0.4319830564891196,0.8323181509602781,0.0004965971451989792,0.6092699137204003,0.7871601208459215,0.7602760424393435,0.7869397782823683,0.5196395906728837,0.43213296398891965,0.7683025199811178,0.7772574525745256,0.6092699113521471,0.008035959266540804,0.2972161998318124,0.7523428443066443,0
11,0.41938760527536717,0.8366395847085483,0.0004951048014857649,0.6106879745500325,0.78539778449144,0.7604003443700097,0.7851556903282463,0.5597516122571717,0.42704626334519574,0.7657689262947197,0.7712484191508582,0.6106879732249201,0.007992284903191748,0.2977904413727191,0.7553339352315842,0
12,0.41070675544066104,0.8395334019506935,0.0004933449860133774,0.5433853348246274,0.8100704934541793,0.7854383898201588,0.8108927273607976,0.5798537805563819,0.43243243243243246,0.7865000885971679,0.7936892502258358,0.5433853325212682,0.010643061823170022,0.2657758979382382,0.7796591910741935,0
13,0.4030824118156901,0.8424845741291696,0.0004913196231141985,0.5529272353871231,0.808257804632427,0.7825563320478156,0.8114350311499544,0.5536450821531582,0.444141689373297,0.7839810924976461,0.7995808491418249,0.5529272324604886,0.009980486471810058,0.2709138643639494,0.7750860906091167,0
14,0.39609644958167406,0.8446400769181837,0.0004890309274928222,0.520597713018232,0.8191842900302114,0.7950895726662878,0.8204778870096398,0.5918185105549021,0.468944099378882,0.7934546017514995,0.8055718157181572,0.5205977114220419,0.02356005422543206,0.25733476407098,0.7892192968735035,0
15,0.3913410366135888,0.8465463464384149,0.00048648140180430834,0.5024914753010866,0.8246727089627391,0.8010513087204971,0.8269971436559581,0.6077936816998668,0.47715736040609136,0.8016695650147292,0.8087443541102077,0.5024914721786251,0.020192391081673956,0.2478136247189143,0.7958983861637793,0
16,0.38617679410979255,0.848298279039065,0.0004836738339175655,0.4781335999875931,0.8337865055387714,0.8088276288980419,0.8344954936844565,0.6148310302235326,0.5,0.8062285938399645,0.8164046973803072,0.47813359847015463,0.014753685011393321,0.23652726208827055,0.8044032950150288,0
17,0.38064513972100045,0.8501962060231025,0.0004806112938668575,0.5021990300605425,0.8244712990936556,0.8017275796937193,0.8253020416981328,0.6157303750086112,0.5164473684210527,0.8007891643453416,0.8126829268292682,0.5021990281987205,0.014403450886394498,0.2477263286509899,0.7967740908651703,0
18,0.37791965163909763,0.8516509357718567,0.00047729713049476604,0.5239200755552372,0.8176737160120846,0.7922759786971594,0.8214993933642721,0.5677906464633417,0.49079754601226994,0.7927267927415097,0.8086449864498646,0.5239200730885829,0.015905039322140394,0.25743585022695237,0.7850660878627328,0
19,0.3732841489837438,0.8527114806854645,0.0004737349677902805,0.5124684937123851,0.8211983887210473,0.7959218519368091,0.8239708813816622,0.5803741109151014,0.4882943143812709,0.7973599754165951,0.8127335140018068,0.5124684903413769,0.011342426957660058,0.2555870569836771,0.7895329999051814,0
20,0.3693758530662662,0.8539378335059196,0.000469928700926019,0.512035076527257,0.8207452165156093,0.7971825581268894,0.8222504739642653,0.6018377642388274,0.5051546391752577,0.795848357121117,0.8096495031616981,0.512035072803142,0.020117359357115366,0.25216041988671023,0.7917856737713153,0
21,0.3655774869771124,0.8554801598847062,0.00046588249199891474,0.483058129540623,0.8311178247734139,0.8067120144816675,0.8325228130209894,0.6037669393799461,0.4760432766615147,0.8054623132819336,0.8150406504065041,0.4830581282552482,0.012031797841137025,0.24027483175297046,0.8010609931465432,0
22,0.3626349927954302,0.8568222653948471,0.0004616007654790234,0.4944130952575986,0.8271399798590131,0.8019494405568449,0.8290621930921049,0.5959100589735316,0.504,0.8001012871177722,0.8130171635049684,0.4944130936421116,0.015416511269865499,0.24500138964782342,0.7964598259798146,0
23,0.35886367674361414,0.8582373680966816,0.000457088203371431,0.5000848850863728,0.8245216515609265,0.8019964928722606,0.827869186365843,0.5983625929772929,0.4704370179948586,0.8019734426412178,0.8163324299909666,0.5000848837464089,0.007516035321052777,0.24871660029114281,0.7951481980959635,0
24,0.3562030824913058,0.8591925884908457,0.0004523497400965494,0.4924568222586182,0.8279456193353474,0.8058334585991939,0.8290746387478131,0.617220514202012,0.4888268156424581,0.8054822225894732,0.8145636856368564,0.49245682254761153,0.010088933612140014,0.2446869634755114,0.8002394606011678,0
25,0.3527114767920596,0.8602520905874292,0.0004473905570944002,0.5027997503422899,0.8241691842900302,0.8006429036533916,0.827048519500393,0.6005191233866116,0.44471445929526127,0.8030032219330511,0.8082926829268293,0.5027997478361512,0.013765329773421148,0.2482601727154649,0.7947462940086968,0
26,0.3497738629343566,0.8615034710164651,0.00044221607715878635,0.45374908117147883,0.8401309164149043,0.8154602944507966,0.841730545964715,0.6154072930432722,0.5112262521588946,0.8145779035835496,0.8234345076784101,0.453749079193898,0.014394199373417672,0.22750583737548066,0.810257367488509,0
27,0.3463905166105094,0.8626276277685488,0.00043683195850754644,0.5022267920561585,0.8220040281973817,0.798539127982595,0.8229058636360151,0.6077954803201615,0.5186440677966102,0.8005339511955945,0.8034670280036132,0.5022267900874425,0.006794291290636439,0.25001708237515147,0.7935437033452237,0
28,0.3445588796256477,0.8630770819059775,0.00043124408859537676,0.47623899166433803,0.8318731117824774,0.8059285463233089,0.8343392734464229,0.5931649280533696,0.4876783398184176,0.8056648484081511,0.8197344173441735,0.4762389878697028,0.0052330425110933745,0.23711769324640858,0.8002189237718161,0
29,0.34069996175267037,0.8646871913913369,0.00042545857767598596,0.5046479010370195,0.8206445115810674,0.7970385312648822,0.8214490412154171,0.5983530050287749,0.4854961832061069,0.7958654960604883,0.8107949412827463,0.5046478981278039,0.00616946087997188,0.24986836795733774,0.7913335668309827,0
30,0.3394708174443822,0.865287853997274,0.00041948175212062243,0.4517467434586505,0.840735146022155,0.8159301670948936,0.8417348678803334,0.6200790245342567,0.528,0.8148185905591708,0.8252122854561881,0.45174674261099346,0.005194121439346221,0.22724075281260106,0.8112280401951869,0
31,0.33628514089279704,0.8658541036414128,0.00041332014750028006,0.46445438099062786,0.8372608257804632,0.8159211485163042,0.8385104541109537,0.6396371759706767,0.5257352941176471,0.8142171512609054,0.8243613369467028,0.4644543794061538,0.006595297188537086,0.23246014587278768,0.8110965576202369,0
32,0.3334425710051042,0.867134682947126,0.0004069805014391475,0.4499682928901635,0.8413897280966768,0.8160092680459903,0.8437733349448252,0.6097294069396807,0.5295238095238095,0.8140446178732743,0.8295067750677506,0.4499682901530113,0.013965846031425927,0.22471106273357608,0.8106095579657714,0
33,0.33184108882799834,0.8675893511696757,0.00040046974624711475,0.44627642164406367,0.8436052366565961,0.8213959647642872,0.8450935726474602,0.6326443004781767,0.5181818181818182,0.8220338869341679,0.831803071364047,0.44627641987777955,0.009856114077950447,0.22414624981913514,0.8158463614710616,0
34,0.3281611886418857,0.8692630724935111,0.0003937950013393944,0.42479205299600253,0.8490936555891239,0.8248734975401913,0.8504364298879097,0.6366999202678741,0.525328330206379,0.8220838821815382,0.8332249322493225,0.4247920529516671,0.012090361620018416,0.2155613296221961,0.8205882346423191,0
35,0.3263274938517905,0.8692682865786321,0.00038696356545154555,0.44078378339428437,0.8447129909365559,0.8223679853668346,0.8460263696914622,0.6439476313929068,0.5400696864111498,0.8203214551900977,0.8303252032520325,0.44078378061035955,0.010853550062201053,0.22169670946171816,0.8179329533112747,0
36,0.3233940069263578,0.8709680783280723,0.0003799829086584132,0.4527187047085433,0.8398288016112789,0.816040006691904,0.8424952428366909,0.6152295830401321,0.5292307692307693,0.8131641836017558,0.8308870822041555,0.45271870202077297,0.010568552626170876,0.2271204041773383,0.8102322412783518,0
37,0.32101750328382,0.8717230778535906,0.00037286066420571184,0.4611367975463875,0.8369587109768378,0.8140219935947527,0.8388341149750806,0.6240631043749433,0.5068702290076336,0.8116694140177572,0.8249141824751581,0.46113679674448455,0.011737242010082123,0.2311600803818212,0.808788135102023,0
38,0.31786267372250354,0.8728065647417307,0.00036560462016318264,0.4391917510050061,0.8432527693856999,0.8205733997726893,0.8447534620780462,0.6311227434049131,0.5046979865771812,0.8220661956105468,0.8296332429990968,0.4391917498921982,0.008933031636343769,0.22253427338702264,0.815235955903718,0
39,0.3155130360201707,0.8735709496204668,0.00035822271090845396,0.4209040642092295,0.8507552870090634,0.8288440146446258,0.8528686407970986,0.6444772145136344,0.5494137353433836,0.826763325704714,0.8386287262872627,0.42090406390509905,0.009398691348548325,0.21359759859331567,0.8235540980501893,0
40,0.3125878366635991,0.8749641531647933,0.0003507230084509159,0.40237958889458353,0.858257804632427,0.8375399624564482,0.8595173042991601,0.6701682815290269,0.5358851674641149,0.8359683205673178,0.8437109304426378,0.4023795860837834,0.010507322650104536,0.20422692194475028,0.8332334996692933,0
41,0.30938063856679143,0.8756284276092065,0.00034311371360509605,0.4199525558658897,0.8525176233635449,0.8320989321467788,0.8544034372613273,0.6616628367623572,0.5266362252663622,0.8302533695372017,0.8415483288166214,0.4199525548206173,0.009176766045089258,0.21247224822556418,0.8273065373383963,0
42,0.3081764336592601,0.8762593319088453,0.00033540314702318997,0.43220554475577816,0.8477341389728097,0.8248314208807157,0.8489885887250131,0.6339748463839678,0.554140127388535,0.8229088840803586,0.8356097560975608,0.4322055427374096,0.007135218451841627,0.21817955268267206,0.8194873942862975,0
43,0.30497013181471916,0.8775138407889537,0.0003275997400965494,0.3923881337333617,0.8605740181268882,0.8386582151614907,0.8618031884584548,0.6583243249697553,0.5637795275590551,0.8354388727883791,0.8489810298102982,0.3923881350588667,0.009716413256040835,0.19851973741671972,0.8337743079215557,0
44,0.3030074553122433,0.8778892549176643,0.00031971202573608025,0.41183816439154197,0.8518126888217523,0.8314758204954544,0.8530661011092519,0.662849815986186,0.5425219941348973,0.8285691763088119,0.8428726287262873,0.41183816700489784,0.009209448315683487,0.20923090138951697,0.8268153410403063,0
45,0.29905425050691575,0.8795077069392173,0.0003117486290416294,0.40383384064367944,0.8561430010070493,0.8340338937229606,0.857846636991754,0.6571435519997832,0.5833333333333334,0.8313180366579661,0.8432556458897922,0.4038338383303933,0.004717656470190867,0.20440922381567866,0.8296103239210961,0
46,0.29635307340552103,0.8807486591980112,0.0003037182578705649,0.4166118287259088,0.8508056394763344,0.8293917644152032,0.8514600132831528,0.6607657487520798,0.5250379362670713,0.8274863456370943,0.8371291779584462,0.4166118288022397,0.00785383978976227,0.21254233904100547,0.8253774878855696,0
47,0.2933408733885078,0.8815255578810375,0.0002956296933158615,0.42367834049611836,0.8471299093655589,0.8238358805969961,0.8465746051997205,0.6311583329048955,0.5157232704402516,0.8246549106871799,0.8315663956639566,0.4236783393377853,0.007969975871321271,0.21667083446775443,0.8185445430889235,0
48,0.2900197286340294,0.8831095969407919,0.0002874917801041046,0.3818225478856615,0.863595166163142,0.8424639387451237,0.8644318521193673,0.6722756834066653,0.5833333333333334,0.8391313658513092,0.8491165311653117,0.3818225475459953,0.00547240250974872,0.1951050137858452,0.8381238496620887,0
49,0.2872379946896343,0.8837790854703261,0.0002793134169239118,0.38550069338059634,0.8600201409869084,0.8364203243821244,0.8614398098013005,0.6433941023384625,0.5448818897637795,0.83422076632043,0.8481752484191509,0.38550069364653405,0.007379900512884524,0.19843436388958868,0.8312775921406286,0
50,0.28549635799692835,0.8844986292170217,0.00027110354669534695,0.3923899081026833,0.8627391742195367,0.8411426004327801,0.8647439974444616,0.6590589735160565,0.5886402753872634,0.8380080177440412,0.8540126467931346,0.39238990810264346,0.007264232730195667,0.19911846215017595,0.8358921820131618,0
51,0.2816624980125597,0.8856081865307668,0.000262871146790969,0.36928463522532406,0.8672205438066465,0.8450380744774759,0.8686864151776942,0.6704378631352101,0.543247344461305,0.841584639786888,0.8539132791327911,0.36928463334496425,0.00705732903768678,0.18879078163252289,0.8408875349407517,0
52,0.27777520562715097,0.8870431027560611,0.0002546252192192065,0.3948921463462127,0.8598690835850956,0.8389781938447366,0.8615233619881898,0.6650733556254531,0.5867052023121387,0.8350163937634848,0.8517470641373079,0.3948921454815163,0.0067418753654839205,0.20219188750050768,0.8341222438670237,0
53,0.27559050517482103,0.8879878949799831,0.0002463747807807936,0.38940629128461435,0.8625377643504532,0.8410744332232869,0.863348225674869,0.6728147911640241,0.5875,0.8396974719300405,0.8471382113821139,0.38940629370058877,0.005446539256146619,0.19789165197092026,0.8371264676936605,0
54,0.2731610416055888,0.8888701181824533,0.000238128853209031,0.35395890014116677,0.8730110775427996,0.8538102283298862,0.8737371614013959,0.6985036435462029,0.6188034188034188,0.84978808238884,0.862196928635953,0.35395890283324666,0.005820351490123186,0.18262943392865835,0.849800079379266,0
55,0.2696499623290242,0.8901465262200698,0.0002298964533046531,0.3716656282756099,0.8702920443101712,0.8487454617373843,0.8711008427571559,0.6753745584928792,0.5884476534296029,0.8461307698324794,0.858007226738934,0.37166562615681137,0.005915055387421335,0.18914847036171792,0.844336320956606,0
56,0.26663805075837327,0.8914302339768557,0.00022168658307608824,0.3513355413569027,0.8760322255790534,0.8549372489814112,0.8769993214466153,0.687122067408957,0.6219512195121951,0.8525176861595783,0.8598608852755196,0.3513355423252091,0.007699870787797103,0.17908710412172446,0.8508127167827512,0
57,0.26364088366405486,0.8925867180566897,0.0002135082198958954,0.3480764362417079,0.8758308157099698,0.8552627358875777,0.8770397996530285,0.6876068914081429,0.6123893805309735,0.8508081604842965,0.865138211382114,0.3480764337997112,0.0057797184179285265,0.18013937549391681,0.8508379993330696,0
58,0.25976628317835443,0.8941123593630891,0.00020537030668413864,0.35371308260243706,0.8744712990936556,0.8539129819664568,0.8751724626838788,0.6885286796604813,0.5882352941176471,0.8504030091548592,0.861859078590786,0.3537130817900982,0.006088078950376152,0.18061613252238196,0.8497095420121787,0
59,0.2557187315911809,0.8953460119027136,0.00019728174212943519,0.3449841821627421,0.8741691842900302,0.8530145922851486,0.8756162886832307,0.6812697570808641,0.6102292768959435,0.8492131645302843,0.8627208672086719,0.34498418531158137,0.0033592538479123002,0.17978977260235376,0.8485328639676492,0
60,0.25229277296506414,0.8967287872767981,0.0001892513709583706,0.34814856904732344,0.8763846928499497,0.8561339742329224,0.8775678278669645,0.6897923455027215,0.6055646481178396,0.8521230095732631,0.8664588979223125,0.34814856647427567,0.00506477174553822,0.18049446453181048,0.8516502425301187,0
61,0.24892748835020523,0.8978352161394705,0.0001812879742639198,0.3525393454781204,0.8738670694864048,0.8536449028070909,0.8752214756055471,0.6872390327910249,0.6151315789473685,0.8502782366683148,0.8635826558265585,0.35253934404704235,0.007309869280058781,0.18204633027357844,0.8491376158130727,0
62,0.2465916428039576,0.8987862652655377,0.00017340025990345064,0.3515899642975579,0.8754783484390735,0.8549262052924875,0.8777233303068449,0.6808042687847218,0.5873261205564142,0.8513211506974848,0.8694561878952124,0.35158996640407847,0.009478108078811633,0.18163528929929573,0.8498452975296626,0
63,0.24284030368074033,0.8999364924432265,0.00016559685297681004,0.3394366391911945,0.8766364551863042,0.855679265938828,0.878242203156219,0.6856438628440845,0.5876923076923077,0.8512462964141001,0.8679205058717252,0.33943664016924374,0.006077192213029504,0.1771171926422606,0.8512500391778394,0
64,0.23836072410356562,0.9020554966363937,0.00015788628639490387,0.32685158490770744,0.8825780463242698,0.8621742140331798,0.8837885937244497,0.6955556732485239,0.6161790017211703,0.8568619081044921,0.8732502258355915,0.3268515843574265,0.007480916354366755,0.17068209347302085,0.8577546593293683,0
65,0.2343260163283032,0.9033955165124862,0.00015027699154908415,0.3466475798512086,0.8750251762336354,0.8534889570708564,0.876513955499739,0.6800897607412894,0.5854483925549916,0.8497312791468831,0.861943992773261,0.3466475824612233,0.004508224906025639,0.17957127144320018,0.8490707689355671,0
66,0.23063213602144053,0.9046176980648445,0.00014277728909154605,0.332327558686802,0.8799093655589124,0.8597702448096592,0.8808451517945429,0.6985834830916556,0.6307977736549165,0.855212176924291,0.8683848238482386,0.33232755724570445,0.006119196086527851,0.17294637470009463,0.8557350410874109,0
67,0.22758045135733657,0.9056626007230894,0.00013539537983681742,0.3173390190545676,0.8827291037260826,0.8625722896533218,0.8835962967305736,0.7035054472901544,0.6236162361623616,0.8595084361221228,0.8705022583559169,0.31733902299187977,0.005399663303259778,0.1665783569553924,0.8587596938606616,0
68,0.22250079103638046,0.908012067478604,0.0001281393357942883,0.31557537114115436,0.8872104733131924,0.8679758177723208,0.8882155684090847,0.712812385619464,0.6295585412667947,0.8641838554589101,0.8757579042457091,0.31557536944824927,0.003834914257382369,0.16410727283237117,0.864000267881558,0
69,0.21959428311208415,0.9087576816509045,0.00012101709134158688,0.33092159785617287,0.8818731117824773,0.8613078697842795,0.8831744163702346,0.6949127504912614,0.6006711409395973,0.8563661907548883,0.8709701897018969,0.3309215972353917,0.009042682284264594,0.17089427695008622,0.8570075030538964,0
70,0.21590922646623834,0.9100153189820854,0.00011403643454845453,0.3003693186747396,0.8927492447129909,0.8741568920547287,0.8935728793014591,0.7250781133106411,0.647985989492119,0.8706722858668013,0.8813441734417345,0.3003693210831367,0.01049152308628801,0.15684074716800805,0.8704044257752773,0
71,0.21286630868780343,0.9114001799902184,0.00010720499866060557,0.3185677902122129,0.8841893252769386,0.8647898193789609,0.8856830605582406,0.7032706713461778,0.639344262295082,0.860244386663152,0.875416440831075,0.31856778883014747,0.011516733394643857,0.16620508609100135,0.8602776081144693,0
72,0.20716372145550038,0.9136213802517569,0.00010053025375288524,0.30442064356502924,0.8890231621349446,0.8707601226550584,0.890207840122737,0.7219256527202891,0.6333907056798623,0.8675188898159847,0.879855465221319,0.30442064581401707,0.00882335978415713,0.1600014335590038,0.8668344993495133,0
73,0.20451248023698815,0.9147298947484778,9.401949856085251e-05,0.30558174634237434,0.8926485397784492,0.8742757791063014,0.8939626860084826,0.7237434007289467,0.6413223140495867,0.8699996183396768,0.8839313459801267,0.305581743833501,0.010226485994919458,0.15897441571065235,0.8702461976718546,0
74,0.199879002564738,0.916397359170168,8.76798524997199e-05,0.2949639728506896,0.8935045317220544,0.8740576556567918,0.8944289603444352,0.7208301190793359,0.6182432432432432,0.8704542153984398,0.8810948509485095,0.29496397202171853,0.008724259286487266,0.15432188750854287,0.8704030276382039,0
75,0.19642110199373577,0.9180064258385031,8.151824787937764e-05,0.29920777488501754,0.8947129909365559,0.8749205781713706,0.8963606619346439,0.7144117193497059,0.5966514459665144,0.871805892314873,0.8842384823848239,0.29920777783648395,0.009951208775264096,0.1551593456554041,0.8707451399483154,0
76,0.19187713635121226,0.9197969426690484,7.55414223240141e-05,0.2954798065681758,0.8933031218529708,0.8727777755251958,0.8948432108695049,0.708407383052342,0.6151315789473685,0.8682881933833493,0.8837976513098463,0.2954798072401077,0.011255166993441994,0.154672802309912,0.8686559440745755,0
77,0.18726878374639488,0.9215958020357874,6.975591140462329e-05,0.2852380693321325,0.897583081570997,0.8796818160042658,0.8983254803162302,0.73337628860719,0.6366666666666667,0.8762745742109465,0.8866070460704607,0.2852380690303448,0.011175791179388958,0.14957971808279788,0.8757920226045971,0
78,0.18330159710611987,0.9230661740399044,6.416804149245368e-05,0.29289773660822144,0.8953172205438067,0.8752538890874613,0.8958782048492434,0.7200430007257836,0.6321428571428571,0.8713212151421733,0.8827208672086722,0.29289773917894324,0.011583263500155032,0.15251689653186065,0.8717707991251009,0
79,0.17978318839582885,0.9240328654213346,5.878392284121372e-05,0.2837702353314702,0.8982880161127895,0.8794200964069907,0.8992641232754212,0.7272625288358215,0.6433333333333333,0.8756024744063248,0.8878572719060526,0.28377023495126424,0.01413196038502262,0.14878421127551877,0.8755250914733531,0
80,0.17591667463551447,0.9260329884737434,5.3609442905599824e-05,0.2757840502628267,0.9014098690835851,0.8834433808370877,0.9023208814224408,0.7372521277900691,0.6378205128205128,0.879814211942696,0.8906576332429991,0.27578405018084634,0.011452186532219287,0.14295027001523758,0.8796041484802845,0
81,0.17149712153959956,0.9274918894905944,4.865025990345063e-05,0.27526871269172076,0.9012084592145015,0.883782292518856,0.902093565722553,0.7437735066293762,0.6588235294117647,0.8798087620428751,0.8917127371273715,0.27526871350409926,0.015507995773229477,0.14415229375526242,0.8802371139472953,0
82,0.16785292543552527,0.9289038637413564,4.3911796628569e-05,0.27956599697917567,0.8976837865055388,0.8789318284908278,0.898778601642099,0.7261038708416896,0.6402640264026402,0.874462626051244,0.8877271906052394,0.27956600219348676,0.018559749428120012,0.1467882833177928,0.8749002075347406,0
83,0.16458457626019735,0.9304545326563365,3.939923452097658e-05,0.26601809273133464,0.9063947633434039,0.8886227705518496,0.906923080553812,0.7458430867565901,0.6704119850187266,0.8850516118524786,0.8945112917795845,0.2660180970205824,0.016771962675689825,0.1390120498073773,0.8850079978472564,0
84,0.16058005428920882,0.9318811063454373,3.5117508001085306e-05,0.27212836200177126,0.9030715005035247,0.8855435420656134,0.9038287111186065,0.7449822193570862,0.6678700361010831,0.881468927924669,0.8926630532971996,0.2721283641372455,0.018680857703312116,0.1420045417526498,0.8820041848575075,0
85,0.1571014601284445,0.933572555558684,3.1071299073981e-05,0.2649419685519016,0.9059415911379658,0.8871026329140995,0.9069076852199528,0.7367123111343554,0.6779026217228464,0.8825514421288447,0.8957524841915087,0.2649419719096031,0.016366303013700123,0.13945102505293164,0.8833669756704449,0
86,0.1527501419287869,0.9354318983128264,2.726503220971951e-05,0.2635027315740756,0.9059415911379658,0.8884990533716679,0.9067320458436335,0.7472600283476475,0.6655112651646448,0.8840158874900432,0.8961644083107498,0.26350273434118443,0.017051003639838025,0.1376678525957564,0.8848406735290446,0
87,0.14932896604514254,0.9368094596017899,2.370286950523395e-05,0.26331723039117616,0.9060926485397784,0.888503067209472,0.9068571447675186,0.7473827426903444,0.6564625850340136,0.8845079861201663,0.8956820234869014,0.26331723478210556,0.019926907130498363,0.13725150858741683,0.8849447835557431,0
88,0.14572955778751412,0.9381119380650113,2.0388706133142507e-05,0.25739293322294216,0.9077039274924471,0.8899523917567578,0.9082143839844179,0.7493523755293918,0.6580882352941176,0.8864298733447514,0.8953766937669378,0.25739293781096934,0.019163994300025192,0.13419720284860018,0.8865433115754349,0
89,0.1435659446440784,0.9388314818117068,1.7326166082434545e-05,0.26100633727005107,0.9059919436052366,0.8872453209883849,0.906814048692137,0.7382421395933652,0.6464285714285715,0.8831451972475541,0.8949738030713639,0.26100633954756863,0.020818404213571437,0.13669292620424864,0.883592976418994,0
90,0.14084518468883903,0.9402976825477272,1.4518598195691658e-05,0.2571814030036518,0.909264853977845,0.8914236365300405,0.9099448519200571,0.748360996265631,0.6631016042780749,0.8868868524274915,0.8984245709123757,0.25718140683228596,0.018459237990320006,0.1341349213635874,0.8878221029722823,0
91,0.1375086840745178,0.9414552094445853,1.1969072507177769e-05,0.25506069227970557,0.9095669687814703,0.8912198298441868,0.910227002999089,0.7458849609912566,0.6617647058823529,0.8875634508873641,0.8971508581752485,0.2550606967250741,0.021088584504993922,0.13288964402043588,0.887694626321264,0
92,0.1358811511425461,0.9418692078031913,9.680376885801534e-06,0.2591158042340326,0.908761329305136,0.8908716445168393,0.9096325520392238,0.747191230413816,0.6457990115321252,0.8873456352410286,0.8979728997289972,0.259115809219405,0.02304983849219916,0.13441673870350357,0.887237413979515,0
93,0.1324911558069548,0.9436399111102769,7.655013986622567e-06,0.2585099838400791,0.9083081570996979,0.8909250465282049,0.90911763720177,0.7506722877239254,0.6563573883161512,0.8864472643849275,0.8990081300813008,0.2585099867543143,0.02154810275504665,0.13495105582668604,0.8873296369906729,0
94,0.13040060673438703,0.9444011675379403,5.8951985142350654e-06,0.2523649989716284,0.9114300100704934,0.8940620105860979,0.9121228206292832,0.7543196526706968,0.6763110307414105,0.8897911391495972,0.9009846431797652,0.25236500453526384,0.02076195228692939,0.13111296322556218,0.8905085744851952,0
95,0.129363136848717,0.9446660430620862,4.402854801020781e-06,0.2526255277863095,0.9109264853977845,0.8936443601806265,0.9117896952836951,0.7544025255542415,0.6701208981001727,0.8889908803483416,0.9016657633242998,0.2526255327237476,0.020576107011125687,0.1308939919644528,0.8900894518482829,0
96,0.12751336627236287,0.9455785079582582,3.179614702919689e-06,0.251806572400803,0.9114300100704934,0.8937128837322265,0.9121714451492576,0.7515659757723678,0.6891651865008881,0.8894360888929543,0.9006757000903344,0.2518065778716291,0.02155767046334088,0.13081035262132182,0.8901284687392009,0
97,0.1273628727188096,0.9458673682739606,2.2268158150196515e-06,0.2507082631295485,0.913091641490433,0.8962274001185588,0.9137525378074816,0.7599502907639988,0.6783831282952548,0.8922429629978572,0.9024751580849142,0.2507082704541371,0.020345275566626474,0.12991341993721406,0.8927182340062274,1
98,0.12651986633860687,0.94590699532088,1.5455000089157535e-06,0.2502987400628626,0.9118328298086606,0.894804494269063,0.9124813409646481,0.7571110441955918,0.6857142857142857,0.8905605420406877,0.9015519421860886,0.2502987460914097,0.022182739242159584,0.12953610884244002,0.8912521505854747,0
99,0.1258601603713409,0.9461906415514615,1.1364122934389507e-06,0.2521799759769262,0.9118831822759316,0.8947938502850007,0.9126419988595617,0.757096152896496,0.6894075403949731,0.8902480511026025,0.9022149954832882,0.2521799797439757,0.021667941702483123,0.13058273134696033,0.8912776797407088,0
100,0.12624396639883861,0.9459341085635091,1e-06,0.25197597572198144,0.9118831822759316,0.8951642192237761,0.9125434152299482,0.7600471485100571,0.6891651865008881,0.8909042791955043,0.9020090334236677,0.25197598173067665,0.021732312219362664,0.13022227878396897,0.8916838899836975,0
